wsi_name,group,ann_name,ann_folder,wsi_folder,mpp
patient_000_node_0.tif,negative,,,/workspace/data/PublicDatasets/CAMELYON17/images,0.25
patient_000_node_1.tif,negative,,,/workspace/data/PublicDatasets/CAMELYON17/images,0.25
patient_000_node_2.tif,negative,,,/workspace/data/PublicDatasets/CAMELYON17/images,0.25
patient_000_node_3.tif,negative,,,/workspace/data/PublicDatasets/CAMELYON17/images,0.25
patient_000_node_4.tif,negative,,,/workspace/data/PublicDatasets/CAMELYON17/images,0.25
patient_001_node_0.tif,negative,,,/workspace/data/PublicDatasets/CAMELYON17/images,0.25
patient_001_node_1.tif,negative,,,/workspace/data/PublicDatasets/CAMELYON17/images,0.25
patient_001_node_2.tif,negative,,,/workspace/data/PublicDatasets/CAMELYON17/images,0.25
patient_001_node_3.tif,negative,,,/workspace/data/PublicDatasets/CAMELYON17/images,0.25
patient_001_node_4.tif,negative,,,/workspace/data/PublicDatasets/CAMELYON17/images,0.25
patient_002_node_0.tif,negative,,,/workspace/data/PublicDatasets/CAMELYON17/images,0.25
patient_002_node_1.tif,negative,,,/workspace/data/PublicDatasets/CAMELYON17/images,0.25
patient_002_node_2.tif,negative,,,/workspace/data/PublicDatasets/CAMELYON17/images,0.25
patient_002_node_3.tif,negative,,,/workspace/data/PublicDatasets/CAMELYON17/images,0.25
patient_002_node_4.tif,negative,,,/workspace/data/PublicDatasets/CAMELYON17/images,0.25
patient_003_node_0.tif,negative,,,/workspace/data/PublicDatasets/CAMELYON17/images,0.25
patient_003_node_1.tif,negative,,,/workspace/data/PublicDatasets/CAMELYON17/images,0.25
patient_003_node_2.tif,negative,,,/workspace/data/PublicDatasets/CAMELYON17/images,0.25
patient_003_node_3.tif,negative,,,/workspace/data/PublicDatasets/CAMELYON17/images,0.25
patient_003_node_4.tif,negative,,,/workspace/data/PublicDatasets/CAMELYON17/images,0.25
patient_004_node_0.tif,negative,,,/workspace/data/PublicDatasets/CAMELYON17/images,0.25
patient_004_node_1.tif,negative,,,/workspace/data/PublicDatasets/CAMELYON17/images,0.25
patient_004_node_2.tif,negative,,,/workspace/data/PublicDatasets/CAMELYON17/images,0.25
patient_004_node_3.tif,negative,,,/workspace/data/PublicDatasets/CAMELYON17/images,0.25
patient_004_node_4.tif,itc,patient_004_node_4.pkl,/workspace/data/PublicDatasets/CAMELYON17/tumor_geoms,/workspace/data/PublicDatasets/CAMELYON17/images,0.25
patient_005_node_0.tif,negative,,,/workspace/data/PublicDatasets/CAMELYON17/images,0.25
patient_005_node_1.tif,negative,,,/workspace/data/PublicDatasets/CAMELYON17/images,0.25
patient_005_node_2.tif,negative,,,/workspace/data/PublicDatasets/CAMELYON17/images,0.25
patient_006_node_0.tif,negative,,,/workspace/data/PublicDatasets/CAMELYON17/images,0.25
patient_006_node_1.tif,negative,,,/workspace/data/PublicDatasets/CAMELYON17/images,0.25
patient_006_node_3.tif,negative,,,/workspace/data/PublicDatasets/CAMELYON17/images,0.25
patient_007_node_0.tif,negative,,,/workspace/data/PublicDatasets/CAMELYON17/images,0.25
patient_007_node_1.tif,negative,,,/workspace/data/PublicDatasets/CAMELYON17/images,0.25
patient_007_node_2.tif,negative,,,/workspace/data/PublicDatasets/CAMELYON17/images,0.25
patient_007_node_3.tif,negative,,,/workspace/data/PublicDatasets/CAMELYON17/images,0.25
patient_008_node_1.tif,negative,,,/workspace/data/PublicDatasets/CAMELYON17/images,0.25
patient_008_node_2.tif,negative,,,/workspace/data/PublicDatasets/CAMELYON17/images,0.25
patient_008_node_3.tif,negative,,,/workspace/data/PublicDatasets/CAMELYON17/images,0.25
patient_008_node_4.tif,negative,,,/workspace/data/PublicDatasets/CAMELYON17/images,0.25
patient_009_node_1.tif,micro,patient_009_node_1.pkl,/workspace/data/PublicDatasets/CAMELYON17/tumor_geoms,/workspace/data/PublicDatasets/CAMELYON17/images,0.25
patient_009_node_2.tif,negative,,,/workspace/data/PublicDatasets/CAMELYON17/images,0.25
patient_009_node_3.tif,negative,,,/workspace/data/PublicDatasets/CAMELYON17/images,0.25
patient_009_node_4.tif,negative,,,/workspace/data/PublicDatasets/CAMELYON17/images,0.25
patient_010_node_1.tif,negative,,,/workspace/data/PublicDatasets/CAMELYON17/images,0.25
patient_010_node_2.tif,negative,,,/workspace/data/PublicDatasets/CAMELYON17/images,0.25
patient_010_node_3.tif,negative,,,/workspace/data/PublicDatasets/CAMELYON17/images,0.25
patient_010_node_4.tif,micro,patient_010_node_4.pkl,/workspace/data/PublicDatasets/CAMELYON17/tumor_geoms,/workspace/data/PublicDatasets/CAMELYON17/images,0.25
patient_011_node_1.tif,negative,,,/workspace/data/PublicDatasets/CAMELYON17/images,0.25
patient_011_node_2.tif,negative,,,/workspace/data/PublicDatasets/CAMELYON17/images,0.25
patient_011_node_3.tif,negative,,,/workspace/data/PublicDatasets/CAMELYON17/images,0.25
patient_011_node_4.tif,negative,,,/workspace/data/PublicDatasets/CAMELYON17/images,0.25
patient_012_node_0.tif,macro,patient_012_node_0.pkl,/workspace/data/PublicDatasets/CAMELYON17/tumor_geoms,/workspace/data/PublicDatasets/CAMELYON17/images,0.25
patient_012_node_1.tif,negative,,,/workspace/data/PublicDatasets/CAMELYON17/images,0.25
patient_012_node_2.tif,negative,,,/workspace/data/PublicDatasets/CAMELYON17/images,0.25
patient_012_node_3.tif,negative,,,/workspace/data/PublicDatasets/CAMELYON17/images,0.25
patient_012_node_4.tif,negative,,,/workspace/data/PublicDatasets/CAMELYON17/images,0.25
patient_013_node_0.tif,negative,,,/workspace/data/PublicDatasets/CAMELYON17/images,0.25
patient_013_node_1.tif,negative,,,/workspace/data/PublicDatasets/CAMELYON17/images,0.25
patient_014_node_0.tif,negative,,,/workspace/data/PublicDatasets/CAMELYON17/images,0.25
patient_014_node_1.tif,negative,,,/workspace/data/PublicDatasets/CAMELYON17/images,0.25
patient_015_node_0.tif,negative,,,/workspace/data/PublicDatasets/CAMELYON17/images,0.25
patient_015_node_1.tif,macro,patient_015_node_1.pkl,/workspace/data/PublicDatasets/CAMELYON17/tumor_geoms,/workspace/data/PublicDatasets/CAMELYON17/images,0.25
patient_015_node_2.tif,macro,patient_015_node_2.pkl,/workspace/data/PublicDatasets/CAMELYON17/tumor_geoms,/workspace/data/PublicDatasets/CAMELYON17/images,0.25
patient_015_node_3.tif,negative,,,/workspace/data/PublicDatasets/CAMELYON17/images,0.25
patient_016_node_1.tif,itc,patient_016_node_1.pkl,/workspace/data/PublicDatasets/CAMELYON17/tumor_geoms,/workspace/data/PublicDatasets/CAMELYON17/images,0.25
patient_016_node_2.tif,negative,,,/workspace/data/PublicDatasets/CAMELYON17/images,0.25
patient_016_node_3.tif,negative,,,/workspace/data/PublicDatasets/CAMELYON17/images,0.25
patient_016_node_4.tif,negative,,,/workspace/data/PublicDatasets/CAMELYON17/images,0.25
patient_017_node_0.tif,negative,,,/workspace/data/PublicDatasets/CAMELYON17/images,0.25
patient_017_node_1.tif,itc,patient_017_node_1.pkl,/workspace/data/PublicDatasets/CAMELYON17/tumor_geoms,/workspace/data/PublicDatasets/CAMELYON17/images,0.25
patient_017_node_2.tif,macro,patient_017_node_2.pkl,/workspace/data/PublicDatasets/CAMELYON17/tumor_geoms,/workspace/data/PublicDatasets/CAMELYON17/images,0.25
patient_017_node_4.tif,micro,patient_017_node_4.pkl,/workspace/data/PublicDatasets/CAMELYON17/tumor_geoms,/workspace/data/PublicDatasets/CAMELYON17/images,0.25
patient_018_node_0.tif,negative,,,/workspace/data/PublicDatasets/CAMELYON17/images,0.25
patient_019_node_4.tif,negative,,,/workspace/data/PublicDatasets/CAMELYON17/images,0.25
patient_020_node_0.tif,negative,,,/workspace/data/PublicDatasets/CAMELYON17/images,0.25
patient_020_node_2.tif,micro,patient_020_node_2.pkl,/workspace/data/PublicDatasets/CAMELYON17/tumor_geoms,/workspace/data/PublicDatasets/CAMELYON17/images,0.25
patient_020_node_3.tif,negative,,,/workspace/data/PublicDatasets/CAMELYON17/images,0.25
patient_020_node_4.tif,macro,patient_020_node_4.pkl,/workspace/data/PublicDatasets/CAMELYON17/tumor_geoms,/workspace/data/PublicDatasets/CAMELYON17/images,0.25
patient_021_node_2.tif,negative,,,/workspace/data/PublicDatasets/CAMELYON17/images,0.25
patient_021_node_3.tif,micro,patient_021_node_3.pkl,/workspace/data/PublicDatasets/CAMELYON17/tumor_geoms,/workspace/data/PublicDatasets/CAMELYON17/images,0.25
patient_022_node_2.tif,negative,,,/workspace/data/PublicDatasets/CAMELYON17/images,0.25
patient_022_node_3.tif,negative,,,/workspace/data/PublicDatasets/CAMELYON17/images,0.25
patient_022_node_4.tif,macro,patient_022_node_4.pkl,/workspace/data/PublicDatasets/CAMELYON17/tumor_geoms,/workspace/data/PublicDatasets/CAMELYON17/images,0.25
patient_023_node_0.tif,negative,,,/workspace/data/PublicDatasets/CAMELYON17/images,0.25
patient_023_node_1.tif,negative,,,/workspace/data/PublicDatasets/CAMELYON17/images,0.25
patient_023_node_2.tif,negative,,,/workspace/data/PublicDatasets/CAMELYON17/images,0.25
patient_023_node_3.tif,negative,,,/workspace/data/PublicDatasets/CAMELYON17/images,0.25
patient_023_node_4.tif,negative,,,/workspace/data/PublicDatasets/CAMELYON17/images,0.25
patient_024_node_0.tif,negative,,,/workspace/data/PublicDatasets/CAMELYON17/images,0.25
patient_024_node_1.tif,itc,patient_024_node_1.pkl,/workspace/data/PublicDatasets/CAMELYON17/tumor_geoms,/workspace/data/PublicDatasets/CAMELYON17/images,0.25
patient_024_node_2.tif,itc,patient_024_node_2.pkl,/workspace/data/PublicDatasets/CAMELYON17/tumor_geoms,/workspace/data/PublicDatasets/CAMELYON17/images,0.25
patient_024_node_3.tif,negative,,,/workspace/data/PublicDatasets/CAMELYON17/images,0.25
patient_025_node_0.tif,negative,,,/workspace/data/PublicDatasets/CAMELYON17/images,0.25
patient_025_node_1.tif,negative,,,/workspace/data/PublicDatasets/CAMELYON17/images,0.25
patient_025_node_2.tif,negative,,,/workspace/data/PublicDatasets/CAMELYON17/images,0.25
patient_025_node_3.tif,negative,,,/workspace/data/PublicDatasets/CAMELYON17/images,0.25
patient_025_node_4.tif,negative,,,/workspace/data/PublicDatasets/CAMELYON17/images,0.25
patient_027_node_1.tif,negative,,,/workspace/data/PublicDatasets/CAMELYON17/images,0.25
patient_027_node_3.tif,negative,,,/workspace/data/PublicDatasets/CAMELYON17/images,0.25
patient_028_node_4.tif,negative,,,/workspace/data/PublicDatasets/CAMELYON17/images,0.25
patient_029_node_4.tif,negative,,,/workspace/data/PublicDatasets/CAMELYON17/images,0.25
patient_030_node_0.tif,negative,,,/workspace/data/PublicDatasets/CAMELYON17/images,0.25
patient_030_node_1.tif,negative,,,/workspace/data/PublicDatasets/CAMELYON17/images,0.25
patient_030_node_2.tif,negative,,,/workspace/data/PublicDatasets/CAMELYON17/images,0.25
patient_030_node_3.tif,negative,,,/workspace/data/PublicDatasets/CAMELYON17/images,0.25
patient_031_node_0.tif,negative,,,/workspace/data/PublicDatasets/CAMELYON17/images,0.25
patient_031_node_1.tif,negative,,,/workspace/data/PublicDatasets/CAMELYON17/images,0.25
patient_031_node_2.tif,negative,,,/workspace/data/PublicDatasets/CAMELYON17/images,0.25
patient_031_node_3.tif,negative,,,/workspace/data/PublicDatasets/CAMELYON17/images,0.25
patient_031_node_4.tif,negative,,,/workspace/data/PublicDatasets/CAMELYON17/images,0.25
patient_032_node_0.tif,negative,,,/workspace/data/PublicDatasets/CAMELYON17/images,0.25
patient_032_node_2.tif,negative,,,/workspace/data/PublicDatasets/CAMELYON17/images,0.25
patient_032_node_3.tif,negative,,,/workspace/data/PublicDatasets/CAMELYON17/images,0.25
patient_032_node_4.tif,negative,,,/workspace/data/PublicDatasets/CAMELYON17/images,0.25
patient_033_node_0.tif,negative,,,/workspace/data/PublicDatasets/CAMELYON17/images,0.25
patient_033_node_4.tif,negative,,,/workspace/data/PublicDatasets/CAMELYON17/images,0.25
patient_034_node_0.tif,negative,,,/workspace/data/PublicDatasets/CAMELYON17/images,0.25
patient_034_node_1.tif,negative,,,/workspace/data/PublicDatasets/CAMELYON17/images,0.25
patient_034_node_2.tif,negative,,,/workspace/data/PublicDatasets/CAMELYON17/images,0.25
patient_034_node_3.tif,macro,patient_034_node_3.pkl,/workspace/data/PublicDatasets/CAMELYON17/tumor_geoms,/workspace/data/PublicDatasets/CAMELYON17/images,0.25
patient_034_node_4.tif,negative,,,/workspace/data/PublicDatasets/CAMELYON17/images,0.25
patient_035_node_0.tif,negative,,,/workspace/data/PublicDatasets/CAMELYON17/images,0.25
patient_035_node_1.tif,negative,,,/workspace/data/PublicDatasets/CAMELYON17/images,0.25
patient_035_node_2.tif,negative,,,/workspace/data/PublicDatasets/CAMELYON17/images,0.25
patient_035_node_3.tif,negative,,,/workspace/data/PublicDatasets/CAMELYON17/images,0.25
patient_035_node_4.tif,negative,,,/workspace/data/PublicDatasets/CAMELYON17/images,0.25
patient_036_node_0.tif,negative,,,/workspace/data/PublicDatasets/CAMELYON17/images,0.25
patient_036_node_1.tif,negative,,,/workspace/data/PublicDatasets/CAMELYON17/images,0.25
patient_036_node_2.tif,negative,,,/workspace/data/PublicDatasets/CAMELYON17/images,0.25
patient_036_node_3.tif,micro,patient_036_node_3.pkl,/workspace/data/PublicDatasets/CAMELYON17/tumor_geoms,/workspace/data/PublicDatasets/CAMELYON17/images,0.25
patient_036_node_4.tif,negative,,,/workspace/data/PublicDatasets/CAMELYON17/images,0.25
patient_037_node_0.tif,negative,,,/workspace/data/PublicDatasets/CAMELYON17/images,0.25
patient_037_node_2.tif,negative,,,/workspace/data/PublicDatasets/CAMELYON17/images,0.25
patient_037_node_3.tif,negative,,,/workspace/data/PublicDatasets/CAMELYON17/images,0.25
patient_037_node_4.tif,negative,,,/workspace/data/PublicDatasets/CAMELYON17/images,0.25
patient_038_node_1.tif,negative,,,/workspace/data/PublicDatasets/CAMELYON17/images,0.25
patient_038_node_2.tif,micro,patient_038_node_2.pkl,/workspace/data/PublicDatasets/CAMELYON17/tumor_geoms,/workspace/data/PublicDatasets/CAMELYON17/images,0.25
patient_038_node_3.tif,negative,,,/workspace/data/PublicDatasets/CAMELYON17/images,0.25
patient_039_node_1.tif,micro,patient_039_node_1.pkl,/workspace/data/PublicDatasets/CAMELYON17/tumor_geoms,/workspace/data/PublicDatasets/CAMELYON17/images,0.25
patient_039_node_2.tif,negative,,,/workspace/data/PublicDatasets/CAMELYON17/images,0.25
patient_039_node_3.tif,negative,,,/workspace/data/PublicDatasets/CAMELYON17/images,0.25
patient_039_node_4.tif,negative,,,/workspace/data/PublicDatasets/CAMELYON17/images,0.25
patient_040_node_0.tif,negative,,,/workspace/data/PublicDatasets/CAMELYON17/images,0.25
patient_040_node_1.tif,negative,,,/workspace/data/PublicDatasets/CAMELYON17/images,0.25
patient_040_node_2.tif,itc,patient_040_node_2.pkl,/workspace/data/PublicDatasets/CAMELYON17/tumor_geoms,/workspace/data/PublicDatasets/CAMELYON17/images,0.25
patient_040_node_3.tif,negative,,,/workspace/data/PublicDatasets/CAMELYON17/images,0.25
patient_040_node_4.tif,negative,,,/workspace/data/PublicDatasets/CAMELYON17/images,0.25
patient_041_node_0.tif,itc,patient_041_node_0.pkl,/workspace/data/PublicDatasets/CAMELYON17/tumor_geoms,/workspace/data/PublicDatasets/CAMELYON17/images,0.25
patient_041_node_1.tif,negative,,,/workspace/data/PublicDatasets/CAMELYON17/images,0.25
patient_041_node_2.tif,negative,,,/workspace/data/PublicDatasets/CAMELYON17/images,0.25
patient_041_node_3.tif,negative,,,/workspace/data/PublicDatasets/CAMELYON17/images,0.25
patient_041_node_4.tif,negative,,,/workspace/data/PublicDatasets/CAMELYON17/images,0.25
patient_042_node_0.tif,negative,,,/workspace/data/PublicDatasets/CAMELYON17/images,0.25
patient_042_node_1.tif,negative,,,/workspace/data/PublicDatasets/CAMELYON17/images,0.25
patient_042_node_2.tif,negative,,,/workspace/data/PublicDatasets/CAMELYON17/images,0.25
patient_042_node_3.tif,macro,patient_042_node_3.pkl,/workspace/data/PublicDatasets/CAMELYON17/tumor_geoms,/workspace/data/PublicDatasets/CAMELYON17/images,0.25
patient_042_node_4.tif,negative,,,/workspace/data/PublicDatasets/CAMELYON17/images,0.25
patient_043_node_0.tif,negative,,,/workspace/data/PublicDatasets/CAMELYON17/images,0.25
patient_043_node_1.tif,negative,,,/workspace/data/PublicDatasets/CAMELYON17/images,0.25
patient_043_node_2.tif,negative,,,/workspace/data/PublicDatasets/CAMELYON17/images,0.25
patient_043_node_3.tif,negative,,,/workspace/data/PublicDatasets/CAMELYON17/images,0.25
patient_043_node_4.tif,negative,,,/workspace/data/PublicDatasets/CAMELYON17/images,0.25
patient_044_node_0.tif,negative,,,/workspace/data/PublicDatasets/CAMELYON17/images,0.25
patient_044_node_1.tif,negative,,,/workspace/data/PublicDatasets/CAMELYON17/images,0.25
patient_044_node_2.tif,negative,,,/workspace/data/PublicDatasets/CAMELYON17/images,0.25
patient_044_node_4.tif,macro,patient_044_node_4.pkl,/workspace/data/PublicDatasets/CAMELYON17/tumor_geoms,/workspace/data/PublicDatasets/CAMELYON17/images,0.25
patient_045_node_1.tif,micro,patient_045_node_1.pkl,/workspace/data/PublicDatasets/CAMELYON17/tumor_geoms,/workspace/data/PublicDatasets/CAMELYON17/images,0.25
patient_045_node_2.tif,negative,,,/workspace/data/PublicDatasets/CAMELYON17/images,0.25
patient_046_node_0.tif,negative,,,/workspace/data/PublicDatasets/CAMELYON17/images,0.25
patient_046_node_1.tif,negative,,,/workspace/data/PublicDatasets/CAMELYON17/images,0.25
patient_046_node_2.tif,negative,,,/workspace/data/PublicDatasets/CAMELYON17/images,0.25
patient_046_node_3.tif,micro,patient_046_node_3.pkl,/workspace/data/PublicDatasets/CAMELYON17/tumor_geoms,/workspace/data/PublicDatasets/CAMELYON17/images,0.25
patient_046_node_4.tif,micro,patient_046_node_4.pkl,/workspace/data/PublicDatasets/CAMELYON17/tumor_geoms,/workspace/data/PublicDatasets/CAMELYON17/images,0.25
patient_047_node_0.tif,negative,,,/workspace/data/PublicDatasets/CAMELYON17/images,0.25
patient_047_node_1.tif,negative,,,/workspace/data/PublicDatasets/CAMELYON17/images,0.25
patient_047_node_3.tif,negative,,,/workspace/data/PublicDatasets/CAMELYON17/images,0.25
patient_047_node_4.tif,negative,,,/workspace/data/PublicDatasets/CAMELYON17/images,0.25
patient_048_node_1.tif,micro,patient_048_node_1.pkl,/workspace/data/PublicDatasets/CAMELYON17/tumor_geoms,/workspace/data/PublicDatasets/CAMELYON17/images,0.25
patient_048_node_2.tif,negative,,,/workspace/data/PublicDatasets/CAMELYON17/images,0.25
patient_048_node_3.tif,negative,,,/workspace/data/PublicDatasets/CAMELYON17/images,0.25
patient_048_node_4.tif,negative,,,/workspace/data/PublicDatasets/CAMELYON17/images,0.25
patient_049_node_0.tif,negative,,,/workspace/data/PublicDatasets/CAMELYON17/images,0.25
patient_049_node_3.tif,negative,,,/workspace/data/PublicDatasets/CAMELYON17/images,0.25
patient_049_node_4.tif,negative,,,/workspace/data/PublicDatasets/CAMELYON17/images,0.25
patient_050_node_0.tif,negative,,,/workspace/data/PublicDatasets/CAMELYON17/images,0.25
patient_050_node_1.tif,negative,,,/workspace/data/PublicDatasets/CAMELYON17/images,0.25
patient_050_node_2.tif,negative,,,/workspace/data/PublicDatasets/CAMELYON17/images,0.25
patient_050_node_3.tif,negative,,,/workspace/data/PublicDatasets/CAMELYON17/images,0.25
patient_051_node_2.tif,macro,patient_051_node_2.pkl,/workspace/data/PublicDatasets/CAMELYON17/tumor_geoms,/workspace/data/PublicDatasets/CAMELYON17/images,0.25
patient_051_node_3.tif,negative,,,/workspace/data/PublicDatasets/CAMELYON17/images,0.25
patient_052_node_4.tif,negative,,,/workspace/data/PublicDatasets/CAMELYON17/images,0.25
patient_053_node_0.tif,negative,,,/workspace/data/PublicDatasets/CAMELYON17/images,0.25
patient_053_node_1.tif,negative,,,/workspace/data/PublicDatasets/CAMELYON17/images,0.25
patient_053_node_2.tif,negative,,,/workspace/data/PublicDatasets/CAMELYON17/images,0.25
patient_053_node_3.tif,negative,,,/workspace/data/PublicDatasets/CAMELYON17/images,0.25
patient_053_node_4.tif,negative,,,/workspace/data/PublicDatasets/CAMELYON17/images,0.25
patient_054_node_0.tif,negative,,,/workspace/data/PublicDatasets/CAMELYON17/images,0.25
patient_054_node_1.tif,negative,,,/workspace/data/PublicDatasets/CAMELYON17/images,0.25
patient_054_node_2.tif,negative,,,/workspace/data/PublicDatasets/CAMELYON17/images,0.25
patient_054_node_3.tif,negative,,,/workspace/data/PublicDatasets/CAMELYON17/images,0.25
patient_054_node_4.tif,negative,,,/workspace/data/PublicDatasets/CAMELYON17/images,0.25
patient_055_node_0.tif,negative,,,/workspace/data/PublicDatasets/CAMELYON17/images,0.25
patient_055_node_1.tif,negative,,,/workspace/data/PublicDatasets/CAMELYON17/images,0.25
patient_055_node_2.tif,negative,,,/workspace/data/PublicDatasets/CAMELYON17/images,0.25
patient_055_node_3.tif,negative,,,/workspace/data/PublicDatasets/CAMELYON17/images,0.25
patient_055_node_4.tif,negative,,,/workspace/data/PublicDatasets/CAMELYON17/images,0.25
patient_056_node_0.tif,negative,,,/workspace/data/PublicDatasets/CAMELYON17/images,0.25
patient_056_node_1.tif,negative,,,/workspace/data/PublicDatasets/CAMELYON17/images,0.25
patient_056_node_2.tif,negative,,,/workspace/data/PublicDatasets/CAMELYON17/images,0.25
patient_056_node_3.tif,negative,,,/workspace/data/PublicDatasets/CAMELYON17/images,0.25
patient_056_node_4.tif,negative,,,/workspace/data/PublicDatasets/CAMELYON17/images,0.25
patient_057_node_0.tif,negative,,,/workspace/data/PublicDatasets/CAMELYON17/images,0.25
patient_057_node_1.tif,negative,,,/workspace/data/PublicDatasets/CAMELYON17/images,0.25
patient_057_node_2.tif,negative,,,/workspace/data/PublicDatasets/CAMELYON17/images,0.25
patient_057_node_3.tif,negative,,,/workspace/data/PublicDatasets/CAMELYON17/images,0.25
patient_057_node_4.tif,negative,,,/workspace/data/PublicDatasets/CAMELYON17/images,0.25
patient_058_node_0.tif,negative,,,/workspace/data/PublicDatasets/CAMELYON17/images,0.25
patient_058_node_1.tif,negative,,,/workspace/data/PublicDatasets/CAMELYON17/images,0.25
patient_058_node_2.tif,negative,,,/workspace/data/PublicDatasets/CAMELYON17/images,0.25
patient_058_node_3.tif,negative,,,/workspace/data/PublicDatasets/CAMELYON17/images,0.25
patient_058_node_4.tif,negative,,,/workspace/data/PublicDatasets/CAMELYON17/images,0.25
patient_059_node_0.tif,negative,,,/workspace/data/PublicDatasets/CAMELYON17/images,0.25
patient_059_node_1.tif,negative,,,/workspace/data/PublicDatasets/CAMELYON17/images,0.25
patient_059_node_2.tif,negative,,,/workspace/data/PublicDatasets/CAMELYON17/images,0.25
patient_059_node_3.tif,negative,,,/workspace/data/PublicDatasets/CAMELYON17/images,0.25
patient_059_node_4.tif,negative,,,/workspace/data/PublicDatasets/CAMELYON17/images,0.25
patient_060_node_1.tif,negative,,,/workspace/data/PublicDatasets/CAMELYON17/images,0.25
patient_060_node_2.tif,negative,,,/workspace/data/PublicDatasets/CAMELYON17/images,0.25
patient_060_node_3.tif,itc,patient_060_node_3.pkl,/workspace/data/PublicDatasets/CAMELYON17/tumor_geoms,/workspace/data/PublicDatasets/CAMELYON17/images,0.25
patient_060_node_4.tif,negative,,,/workspace/data/PublicDatasets/CAMELYON17/images,0.25
patient_061_node_0.tif,negative,,,/workspace/data/PublicDatasets/CAMELYON17/images,0.25
patient_061_node_1.tif,negative,,,/workspace/data/PublicDatasets/CAMELYON17/images,0.25
patient_061_node_2.tif,negative,,,/workspace/data/PublicDatasets/CAMELYON17/images,0.25
patient_061_node_3.tif,negative,,,/workspace/data/PublicDatasets/CAMELYON17/images,0.25
patient_061_node_4.tif,micro,patient_061_node_4.pkl,/workspace/data/PublicDatasets/CAMELYON17/tumor_geoms,/workspace/data/PublicDatasets/CAMELYON17/images,0.25
patient_062_node_2.tif,macro,patient_062_node_2.pkl,/workspace/data/PublicDatasets/CAMELYON17/tumor_geoms,/workspace/data/PublicDatasets/CAMELYON17/images,0.25
patient_062_node_4.tif,negative,,,/workspace/data/PublicDatasets/CAMELYON17/images,0.25
patient_063_node_1.tif,negative,,,/workspace/data/PublicDatasets/CAMELYON17/images,0.25
patient_064_node_0.tif,itc,patient_064_node_0.pkl,/workspace/data/PublicDatasets/CAMELYON17/tumor_geoms,/workspace/data/PublicDatasets/CAMELYON17/images,0.25
patient_064_node_1.tif,negative,,,/workspace/data/PublicDatasets/CAMELYON17/images,0.25
patient_064_node_2.tif,negative,,,/workspace/data/PublicDatasets/CAMELYON17/images,0.25
patient_064_node_4.tif,negative,,,/workspace/data/PublicDatasets/CAMELYON17/images,0.25
patient_065_node_1.tif,negative,,,/workspace/data/PublicDatasets/CAMELYON17/images,0.25
patient_065_node_2.tif,negative,,,/workspace/data/PublicDatasets/CAMELYON17/images,0.25
patient_065_node_3.tif,negative,,,/workspace/data/PublicDatasets/CAMELYON17/images,0.25
patient_066_node_0.tif,negative,,,/workspace/data/PublicDatasets/CAMELYON17/images,0.25
patient_066_node_1.tif,negative,,,/workspace/data/PublicDatasets/CAMELYON17/images,0.25
patient_066_node_2.tif,micro,patient_066_node_2.pkl,/workspace/data/PublicDatasets/CAMELYON17/tumor_geoms,/workspace/data/PublicDatasets/CAMELYON17/images,0.25
patient_066_node_4.tif,negative,,,/workspace/data/PublicDatasets/CAMELYON17/images,0.25
patient_067_node_0.tif,negative,,,/workspace/data/PublicDatasets/CAMELYON17/images,0.25
patient_067_node_1.tif,negative,,,/workspace/data/PublicDatasets/CAMELYON17/images,0.25
patient_067_node_2.tif,negative,,,/workspace/data/PublicDatasets/CAMELYON17/images,0.25
patient_067_node_4.tif,micro,patient_067_node_4.pkl,/workspace/data/PublicDatasets/CAMELYON17/tumor_geoms,/workspace/data/PublicDatasets/CAMELYON17/images,0.25
patient_068_node_0.tif,negative,,,/workspace/data/PublicDatasets/CAMELYON17/images,0.25
patient_068_node_1.tif,itc,patient_068_node_1.pkl,/workspace/data/PublicDatasets/CAMELYON17/tumor_geoms,/workspace/data/PublicDatasets/CAMELYON17/images,0.25
patient_068_node_2.tif,negative,,,/workspace/data/PublicDatasets/CAMELYON17/images,0.25
patient_068_node_3.tif,negative,,,/workspace/data/PublicDatasets/CAMELYON17/images,0.25
patient_069_node_4.tif,negative,,,/workspace/data/PublicDatasets/CAMELYON17/images,0.25
patient_070_node_0.tif,negative,,,/workspace/data/PublicDatasets/CAMELYON17/images,0.25
patient_070_node_1.tif,negative,,,/workspace/data/PublicDatasets/CAMELYON17/images,0.25
patient_070_node_2.tif,negative,,,/workspace/data/PublicDatasets/CAMELYON17/images,0.25
patient_070_node_4.tif,negative,,,/workspace/data/PublicDatasets/CAMELYON17/images,0.25
patient_071_node_0.tif,negative,,,/workspace/data/PublicDatasets/CAMELYON17/images,0.25
patient_071_node_1.tif,negative,,,/workspace/data/PublicDatasets/CAMELYON17/images,0.25
patient_071_node_2.tif,negative,,,/workspace/data/PublicDatasets/CAMELYON17/images,0.25
patient_071_node_3.tif,negative,,,/workspace/data/PublicDatasets/CAMELYON17/images,0.25
patient_071_node_4.tif,negative,,,/workspace/data/PublicDatasets/CAMELYON17/images,0.25
patient_072_node_0.tif,itc,patient_072_node_0.pkl,/workspace/data/PublicDatasets/CAMELYON17/tumor_geoms,/workspace/data/PublicDatasets/CAMELYON17/images,0.25
patient_072_node_3.tif,negative,,,/workspace/data/PublicDatasets/CAMELYON17/images,0.25
patient_073_node_0.tif,negative,,,/workspace/data/PublicDatasets/CAMELYON17/images,0.25
patient_073_node_1.tif,macro,patient_073_node_1.pkl,/workspace/data/PublicDatasets/CAMELYON17/tumor_geoms,/workspace/data/PublicDatasets/CAMELYON17/images,0.25
patient_073_node_2.tif,negative,,,/workspace/data/PublicDatasets/CAMELYON17/images,0.25
patient_073_node_4.tif,negative,,,/workspace/data/PublicDatasets/CAMELYON17/images,0.25
patient_074_node_0.tif,negative,,,/workspace/data/PublicDatasets/CAMELYON17/images,0.25
patient_074_node_1.tif,negative,,,/workspace/data/PublicDatasets/CAMELYON17/images,0.25
patient_074_node_2.tif,negative,,,/workspace/data/PublicDatasets/CAMELYON17/images,0.25
patient_074_node_3.tif,negative,,,/workspace/data/PublicDatasets/CAMELYON17/images,0.25
patient_075_node_0.tif,negative,,,/workspace/data/PublicDatasets/CAMELYON17/images,0.25
patient_075_node_1.tif,negative,,,/workspace/data/PublicDatasets/CAMELYON17/images,0.25
patient_075_node_2.tif,negative,,,/workspace/data/PublicDatasets/CAMELYON17/images,0.25
patient_075_node_3.tif,negative,,,/workspace/data/PublicDatasets/CAMELYON17/images,0.25
patient_075_node_4.tif,macro,patient_075_node_4.pkl,/workspace/data/PublicDatasets/CAMELYON17/tumor_geoms,/workspace/data/PublicDatasets/CAMELYON17/images,0.25
patient_076_node_0.tif,negative,,,/workspace/data/PublicDatasets/CAMELYON17/images,0.25
patient_077_node_0.tif,negative,,,/workspace/data/PublicDatasets/CAMELYON17/images,0.25
patient_077_node_1.tif,negative,,,/workspace/data/PublicDatasets/CAMELYON17/images,0.25
patient_077_node_3.tif,negative,,,/workspace/data/PublicDatasets/CAMELYON17/images,0.25
patient_078_node_0.tif,negative,,,/workspace/data/PublicDatasets/CAMELYON17/images,0.25
patient_078_node_1.tif,negative,,,/workspace/data/PublicDatasets/CAMELYON17/images,0.25
patient_078_node_2.tif,negative,,,/workspace/data/PublicDatasets/CAMELYON17/images,0.25
patient_078_node_3.tif,negative,,,/workspace/data/PublicDatasets/CAMELYON17/images,0.25
patient_078_node_4.tif,negative,,,/workspace/data/PublicDatasets/CAMELYON17/images,0.25
patient_079_node_0.tif,negative,,,/workspace/data/PublicDatasets/CAMELYON17/images,0.25
patient_079_node_1.tif,negative,,,/workspace/data/PublicDatasets/CAMELYON17/images,0.25
patient_079_node_2.tif,negative,,,/workspace/data/PublicDatasets/CAMELYON17/images,0.25
patient_079_node_3.tif,negative,,,/workspace/data/PublicDatasets/CAMELYON17/images,0.25
patient_079_node_4.tif,negative,,,/workspace/data/PublicDatasets/CAMELYON17/images,0.25
patient_080_node_1.tif,itc,patient_080_node_1.pkl,/workspace/data/PublicDatasets/CAMELYON17/tumor_geoms,/workspace/data/PublicDatasets/CAMELYON17/images,0.25
patient_081_node_0.tif,negative,,,/workspace/data/PublicDatasets/CAMELYON17/images,0.25
patient_081_node_3.tif,negative,,,/workspace/data/PublicDatasets/CAMELYON17/images,0.25
patient_081_node_4.tif,itc,patient_081_node_4.pkl,/workspace/data/PublicDatasets/CAMELYON17/tumor_geoms,/workspace/data/PublicDatasets/CAMELYON17/images,0.25
patient_082_node_0.tif,negative,,,/workspace/data/PublicDatasets/CAMELYON17/images,0.25
patient_082_node_1.tif,negative,,,/workspace/data/PublicDatasets/CAMELYON17/images,0.25
patient_082_node_2.tif,negative,,,/workspace/data/PublicDatasets/CAMELYON17/images,0.25
patient_082_node_3.tif,negative,,,/workspace/data/PublicDatasets/CAMELYON17/images,0.25
patient_082_node_4.tif,negative,,,/workspace/data/PublicDatasets/CAMELYON17/images,0.25
patient_083_node_0.tif,negative,,,/workspace/data/PublicDatasets/CAMELYON17/images,0.25
patient_083_node_1.tif,negative,,,/workspace/data/PublicDatasets/CAMELYON17/images,0.25
patient_083_node_2.tif,negative,,,/workspace/data/PublicDatasets/CAMELYON17/images,0.25
patient_083_node_3.tif,negative,,,/workspace/data/PublicDatasets/CAMELYON17/images,0.25
patient_083_node_4.tif,negative,,,/workspace/data/PublicDatasets/CAMELYON17/images,0.25
patient_084_node_0.tif,negative,,,/workspace/data/PublicDatasets/CAMELYON17/images,0.25
patient_084_node_1.tif,negative,,,/workspace/data/PublicDatasets/CAMELYON17/images,0.25
patient_084_node_4.tif,negative,,,/workspace/data/PublicDatasets/CAMELYON17/images,0.25
patient_085_node_0.tif,negative,,,/workspace/data/PublicDatasets/CAMELYON17/images,0.25
patient_085_node_1.tif,negative,,,/workspace/data/PublicDatasets/CAMELYON17/images,0.25
patient_085_node_2.tif,negative,,,/workspace/data/PublicDatasets/CAMELYON17/images,0.25
patient_085_node_3.tif,negative,,,/workspace/data/PublicDatasets/CAMELYON17/images,0.25
patient_085_node_4.tif,negative,,,/workspace/data/PublicDatasets/CAMELYON17/images,0.25
patient_086_node_0.tif,itc,patient_086_node_0.pkl,/workspace/data/PublicDatasets/CAMELYON17/tumor_geoms,/workspace/data/PublicDatasets/CAMELYON17/images,0.25
patient_086_node_1.tif,negative,,,/workspace/data/PublicDatasets/CAMELYON17/images,0.25
patient_086_node_2.tif,negative,,,/workspace/data/PublicDatasets/CAMELYON17/images,0.25
patient_086_node_3.tif,negative,,,/workspace/data/PublicDatasets/CAMELYON17/images,0.25
patient_086_node_4.tif,itc,patient_086_node_4.pkl,/workspace/data/PublicDatasets/CAMELYON17/tumor_geoms,/workspace/data/PublicDatasets/CAMELYON17/images,0.25
patient_087_node_0.tif,itc,patient_087_node_0.pkl,/workspace/data/PublicDatasets/CAMELYON17/tumor_geoms,/workspace/data/PublicDatasets/CAMELYON17/images,0.25
patient_087_node_2.tif,negative,,,/workspace/data/PublicDatasets/CAMELYON17/images,0.25
patient_087_node_3.tif,negative,,,/workspace/data/PublicDatasets/CAMELYON17/images,0.25
patient_087_node_4.tif,negative,,,/workspace/data/PublicDatasets/CAMELYON17/images,0.25
patient_088_node_0.tif,negative,,,/workspace/data/PublicDatasets/CAMELYON17/images,0.25
patient_088_node_1.tif,micro,patient_088_node_1.pkl,/workspace/data/PublicDatasets/CAMELYON17/tumor_geoms,/workspace/data/PublicDatasets/CAMELYON17/images,0.25
patient_088_node_2.tif,negative,,,/workspace/data/PublicDatasets/CAMELYON17/images,0.25
patient_088_node_3.tif,negative,,,/workspace/data/PublicDatasets/CAMELYON17/images,0.25
patient_089_node_0.tif,negative,,,/workspace/data/PublicDatasets/CAMELYON17/images,0.25
patient_089_node_1.tif,negative,,,/workspace/data/PublicDatasets/CAMELYON17/images,0.25
patient_089_node_2.tif,negative,,,/workspace/data/PublicDatasets/CAMELYON17/images,0.25
patient_089_node_3.tif,micro,patient_089_node_3.pkl,/workspace/data/PublicDatasets/CAMELYON17/tumor_geoms,/workspace/data/PublicDatasets/CAMELYON17/images,0.25
patient_089_node_4.tif,negative,,,/workspace/data/PublicDatasets/CAMELYON17/images,0.25
patient_090_node_0.tif,negative,,,/workspace/data/PublicDatasets/CAMELYON17/images,0.25
patient_090_node_1.tif,negative,,,/workspace/data/PublicDatasets/CAMELYON17/images,0.25
patient_090_node_2.tif,negative,,,/workspace/data/PublicDatasets/CAMELYON17/images,0.25
patient_090_node_3.tif,negative,,,/workspace/data/PublicDatasets/CAMELYON17/images,0.25
patient_090_node_4.tif,negative,,,/workspace/data/PublicDatasets/CAMELYON17/images,0.25
patient_091_node_0.tif,negative,,,/workspace/data/PublicDatasets/CAMELYON17/images,0.25
patient_091_node_1.tif,negative,,,/workspace/data/PublicDatasets/CAMELYON17/images,0.25
patient_092_node_1.tif,macro,patient_092_node_1.pkl,/workspace/data/PublicDatasets/CAMELYON17/tumor_geoms,/workspace/data/PublicDatasets/CAMELYON17/images,0.25
patient_092_node_2.tif,negative,,,/workspace/data/PublicDatasets/CAMELYON17/images,0.25
patient_093_node_0.tif,negative,,,/workspace/data/PublicDatasets/CAMELYON17/images,0.25
patient_093_node_1.tif,negative,,,/workspace/data/PublicDatasets/CAMELYON17/images,0.25
patient_093_node_2.tif,negative,,,/workspace/data/PublicDatasets/CAMELYON17/images,0.25
patient_093_node_3.tif,negative,,,/workspace/data/PublicDatasets/CAMELYON17/images,0.25
patient_094_node_3.tif,negative,,,/workspace/data/PublicDatasets/CAMELYON17/images,0.25
patient_095_node_1.tif,negative,,,/workspace/data/PublicDatasets/CAMELYON17/images,0.25
patient_095_node_2.tif,negative,,,/workspace/data/PublicDatasets/CAMELYON17/images,0.25
patient_095_node_3.tif,negative,,,/workspace/data/PublicDatasets/CAMELYON17/images,0.25
patient_095_node_4.tif,negative,,,/workspace/data/PublicDatasets/CAMELYON17/images,0.25
patient_096_node_0.tif,macro,patient_096_node_0.pkl,/workspace/data/PublicDatasets/CAMELYON17/tumor_geoms,/workspace/data/PublicDatasets/CAMELYON17/images,0.25
patient_096_node_1.tif,negative,,,/workspace/data/PublicDatasets/CAMELYON17/images,0.25
patient_097_node_2.tif,negative,,,/workspace/data/PublicDatasets/CAMELYON17/images,0.25
patient_098_node_0.tif,negative,,,/workspace/data/PublicDatasets/CAMELYON17/images,0.25
patient_098_node_1.tif,negative,,,/workspace/data/PublicDatasets/CAMELYON17/images,0.25
patient_098_node_2.tif,negative,,,/workspace/data/PublicDatasets/CAMELYON17/images,0.25
patient_098_node_3.tif,negative,,,/workspace/data/PublicDatasets/CAMELYON17/images,0.25
patient_098_node_4.tif,negative,,,/workspace/data/PublicDatasets/CAMELYON17/images,0.25
patient_099_node_0.tif,negative,,,/workspace/data/PublicDatasets/CAMELYON17/images,0.25
patient_099_node_1.tif,negative,,,/workspace/data/PublicDatasets/CAMELYON17/images,0.25
patient_099_node_2.tif,negative,,,/workspace/data/PublicDatasets/CAMELYON17/images,0.25
patient_099_node_3.tif,negative,,,/workspace/data/PublicDatasets/CAMELYON17/images,0.25
patient_099_node_4.tif,macro,patient_099_node_4.pkl,/workspace/data/PublicDatasets/CAMELYON17/tumor_geoms,/workspace/data/PublicDatasets/CAMELYON17/images,0.25
tumor_075.tif,tumor,tumor_075.pkl,/workspace/data/PublicDatasets/CAMELYON16/tumor_geoms,/workspace/data/PublicDatasets/CAMELYON16/images,0.25
normal_115.tif,negative,,,/workspace/data/PublicDatasets/CAMELYON16/images,0.25
test_128.tif,negative,,,/workspace/data/PublicDatasets/CAMELYON16/images,0.25
tumor_054.tif,tumor,tumor_054.pkl,/workspace/data/PublicDatasets/CAMELYON16/tumor_geoms,/workspace/data/PublicDatasets/CAMELYON16/images,0.25
tumor_089.tif,tumor,tumor_089.pkl,/workspace/data/PublicDatasets/CAMELYON16/tumor_geoms,/workspace/data/PublicDatasets/CAMELYON16/images,0.25
test_120.tif,negative,,,/workspace/data/PublicDatasets/CAMELYON16/images,0.25
normal_140.tif,negative,,,/workspace/data/PublicDatasets/CAMELYON16/images,0.25
normal_076.tif,negative,,,/workspace/data/PublicDatasets/CAMELYON16/images,0.25
test_121.tif,tumor,test_121.pkl,/workspace/data/PublicDatasets/CAMELYON16/tumor_geoms,/workspace/data/PublicDatasets/CAMELYON16/images,0.25
test_010.tif,tumor,test_010.pkl,/workspace/data/PublicDatasets/CAMELYON16/tumor_geoms,/workspace/data/PublicDatasets/CAMELYON16/images,0.25
test_081.tif,negative,,,/workspace/data/PublicDatasets/CAMELYON16/images,0.25
tumor_041.tif,tumor,tumor_041.pkl,/workspace/data/PublicDatasets/CAMELYON16/tumor_geoms,/workspace/data/PublicDatasets/CAMELYON16/images,0.25
tumor_022.tif,tumor,tumor_022.pkl,/workspace/data/PublicDatasets/CAMELYON16/tumor_geoms,/workspace/data/PublicDatasets/CAMELYON16/images,0.25
tumor_092.tif,tumor,tumor_092.pkl,/workspace/data/PublicDatasets/CAMELYON16/tumor_geoms,/workspace/data/PublicDatasets/CAMELYON16/images,0.25
tumor_046.tif,tumor,tumor_046.pkl,/workspace/data/PublicDatasets/CAMELYON16/tumor_geoms,/workspace/data/PublicDatasets/CAMELYON16/images,0.25
normal_015.tif,negative,,,/workspace/data/PublicDatasets/CAMELYON16/images,0.25
test_023.tif,negative,,,/workspace/data/PublicDatasets/CAMELYON16/images,0.25
tumor_018.tif,tumor,tumor_018.pkl,/workspace/data/PublicDatasets/CAMELYON16/tumor_geoms,/workspace/data/PublicDatasets/CAMELYON16/images,0.25
normal_027.tif,negative,,,/workspace/data/PublicDatasets/CAMELYON16/images,0.25
tumor_029.tif,tumor,tumor_029.pkl,/workspace/data/PublicDatasets/CAMELYON16/tumor_geoms,/workspace/data/PublicDatasets/CAMELYON16/images,0.25
normal_144.tif,negative,,,/workspace/data/PublicDatasets/CAMELYON16/images,0.25
normal_160.tif,negative,,,/workspace/data/PublicDatasets/CAMELYON16/images,0.25
tumor_068.tif,tumor,tumor_068.pkl,/workspace/data/PublicDatasets/CAMELYON16/tumor_geoms,/workspace/data/PublicDatasets/CAMELYON16/images,0.25
normal_073.tif,negative,,,/workspace/data/PublicDatasets/CAMELYON16/images,0.25
normal_134.tif,negative,,,/workspace/data/PublicDatasets/CAMELYON16/images,0.25
tumor_007.tif,tumor,tumor_007.pkl,/workspace/data/PublicDatasets/CAMELYON16/tumor_geoms,/workspace/data/PublicDatasets/CAMELYON16/images,0.25
test_116.tif,tumor,test_116.pkl,/workspace/data/PublicDatasets/CAMELYON16/tumor_geoms,/workspace/data/PublicDatasets/CAMELYON16/images,0.25
test_096.tif,negative,,,/workspace/data/PublicDatasets/CAMELYON16/images,0.25
normal_011.tif,negative,,,/workspace/data/PublicDatasets/CAMELYON16/images,0.25
test_115.tif,negative,,,/workspace/data/PublicDatasets/CAMELYON16/images,0.25
test_105.tif,tumor,test_105.pkl,/workspace/data/PublicDatasets/CAMELYON16/tumor_geoms,/workspace/data/PublicDatasets/CAMELYON16/images,0.25
test_123.tif,negative,,,/workspace/data/PublicDatasets/CAMELYON16/images,0.25
normal_135.tif,negative,,,/workspace/data/PublicDatasets/CAMELYON16/images,0.25
normal_158.tif,negative,,,/workspace/data/PublicDatasets/CAMELYON16/images,0.25
tumor_079.tif,tumor,tumor_079.pkl,/workspace/data/PublicDatasets/CAMELYON16/tumor_geoms,/workspace/data/PublicDatasets/CAMELYON16/images,0.25
test_020.tif,negative,,,/workspace/data/PublicDatasets/CAMELYON16/images,0.25
tumor_036.tif,tumor,tumor_036.pkl,/workspace/data/PublicDatasets/CAMELYON16/tumor_geoms,/workspace/data/PublicDatasets/CAMELYON16/images,0.25
tumor_102.tif,tumor,tumor_102.pkl,/workspace/data/PublicDatasets/CAMELYON16/tumor_geoms,/workspace/data/PublicDatasets/CAMELYON16/images,0.25
test_028.tif,negative,,,/workspace/data/PublicDatasets/CAMELYON16/images,0.25
tumor_011.tif,tumor,tumor_011.pkl,/workspace/data/PublicDatasets/CAMELYON16/tumor_geoms,/workspace/data/PublicDatasets/CAMELYON16/images,0.25
normal_048.tif,negative,,,/workspace/data/PublicDatasets/CAMELYON16/images,0.25
normal_058.tif,negative,,,/workspace/data/PublicDatasets/CAMELYON16/images,0.25
test_124.tif,negative,,,/workspace/data/PublicDatasets/CAMELYON16/images,0.25
test_029.tif,tumor,test_029.pkl,/workspace/data/PublicDatasets/CAMELYON16/tumor_geoms,/workspace/data/PublicDatasets/CAMELYON16/images,0.25
normal_024.tif,negative,,,/workspace/data/PublicDatasets/CAMELYON16/images,0.25
normal_028.tif,negative,,,/workspace/data/PublicDatasets/CAMELYON16/images,0.25
normal_077.tif,negative,,,/workspace/data/PublicDatasets/CAMELYON16/images,0.25
tumor_087.tif,tumor,tumor_087.pkl,/workspace/data/PublicDatasets/CAMELYON16/tumor_geoms,/workspace/data/PublicDatasets/CAMELYON16/images,0.25
normal_145.tif,negative,,,/workspace/data/PublicDatasets/CAMELYON16/images,0.25
tumor_090.tif,tumor,tumor_090.pkl,/workspace/data/PublicDatasets/CAMELYON16/tumor_geoms,/workspace/data/PublicDatasets/CAMELYON16/images,0.25
test_063.tif,negative,,,/workspace/data/PublicDatasets/CAMELYON16/images,0.25
normal_117.tif,negative,,,/workspace/data/PublicDatasets/CAMELYON16/images,0.25
normal_142.tif,negative,,,/workspace/data/PublicDatasets/CAMELYON16/images,0.25
tumor_016.tif,tumor,tumor_016.pkl,/workspace/data/PublicDatasets/CAMELYON16/tumor_geoms,/workspace/data/PublicDatasets/CAMELYON16/images,0.25
test_047.tif,negative,,,/workspace/data/PublicDatasets/CAMELYON16/images,0.25
test_050.tif,negative,,,/workspace/data/PublicDatasets/CAMELYON16/images,0.25
tumor_030.tif,tumor,tumor_030.pkl,/workspace/data/PublicDatasets/CAMELYON16/tumor_geoms,/workspace/data/PublicDatasets/CAMELYON16/images,0.25
normal_071.tif,negative,,,/workspace/data/PublicDatasets/CAMELYON16/images,0.25
test_089.tif,negative,,,/workspace/data/PublicDatasets/CAMELYON16/images,0.25
tumor_021.tif,tumor,tumor_021.pkl,/workspace/data/PublicDatasets/CAMELYON16/tumor_geoms,/workspace/data/PublicDatasets/CAMELYON16/images,0.25
test_110.tif,tumor,test_110.pkl,/workspace/data/PublicDatasets/CAMELYON16/tumor_geoms,/workspace/data/PublicDatasets/CAMELYON16/images,0.25
test_106.tif,negative,,,/workspace/data/PublicDatasets/CAMELYON16/images,0.25
tumor_028.tif,tumor,tumor_028.pkl,/workspace/data/PublicDatasets/CAMELYON16/tumor_geoms,/workspace/data/PublicDatasets/CAMELYON16/images,0.25
tumor_111.tif,tumor,tumor_111.pkl,/workspace/data/PublicDatasets/CAMELYON16/tumor_geoms,/workspace/data/PublicDatasets/CAMELYON16/images,0.25
test_022.tif,negative,,,/workspace/data/PublicDatasets/CAMELYON16/images,0.25
test_052.tif,tumor,test_052.pkl,/workspace/data/PublicDatasets/CAMELYON16/tumor_geoms,/workspace/data/PublicDatasets/CAMELYON16/images,0.25
tumor_033.tif,tumor,tumor_033.pkl,/workspace/data/PublicDatasets/CAMELYON16/tumor_geoms,/workspace/data/PublicDatasets/CAMELYON16/images,0.25
test_051.tif,tumor,test_051.pkl,/workspace/data/PublicDatasets/CAMELYON16/tumor_geoms,/workspace/data/PublicDatasets/CAMELYON16/images,0.25
test_082.tif,tumor,test_082.pkl,/workspace/data/PublicDatasets/CAMELYON16/tumor_geoms,/workspace/data/PublicDatasets/CAMELYON16/images,0.25
tumor_025.tif,tumor,tumor_025.pkl,/workspace/data/PublicDatasets/CAMELYON16/tumor_geoms,/workspace/data/PublicDatasets/CAMELYON16/images,0.25
test_090.tif,tumor,test_090.pkl,/workspace/data/PublicDatasets/CAMELYON16/tumor_geoms,/workspace/data/PublicDatasets/CAMELYON16/images,0.25
test_100.tif,negative,,,/workspace/data/PublicDatasets/CAMELYON16/images,0.25
test_019.tif,negative,,,/workspace/data/PublicDatasets/CAMELYON16/images,0.25
test_062.tif,negative,,,/workspace/data/PublicDatasets/CAMELYON16/images,0.25
tumor_044.tif,tumor,tumor_044.pkl,/workspace/data/PublicDatasets/CAMELYON16/tumor_geoms,/workspace/data/PublicDatasets/CAMELYON16/images,0.25
test_003.tif,negative,,,/workspace/data/PublicDatasets/CAMELYON16/images,0.25
normal_040.tif,negative,,,/workspace/data/PublicDatasets/CAMELYON16/images,0.25
normal_106.tif,negative,,,/workspace/data/PublicDatasets/CAMELYON16/images,0.25
normal_104.tif,negative,,,/workspace/data/PublicDatasets/CAMELYON16/images,0.25
tumor_074.tif,tumor,tumor_074.pkl,/workspace/data/PublicDatasets/CAMELYON16/tumor_geoms,/workspace/data/PublicDatasets/CAMELYON16/images,0.25
test_012.tif,negative,,,/workspace/data/PublicDatasets/CAMELYON16/images,0.25
tumor_006.tif,tumor,tumor_006.pkl,/workspace/data/PublicDatasets/CAMELYON16/tumor_geoms,/workspace/data/PublicDatasets/CAMELYON16/images,0.25
test_103.tif,negative,,,/workspace/data/PublicDatasets/CAMELYON16/images,0.25
tumor_095.tif,tumor,tumor_095.pkl,/workspace/data/PublicDatasets/CAMELYON16/tumor_geoms,/workspace/data/PublicDatasets/CAMELYON16/images,0.25
test_070.tif,negative,,,/workspace/data/PublicDatasets/CAMELYON16/images,0.25
test_048.tif,tumor,test_048.pkl,/workspace/data/PublicDatasets/CAMELYON16/tumor_geoms,/workspace/data/PublicDatasets/CAMELYON16/images,0.25
normal_009.tif,negative,,,/workspace/data/PublicDatasets/CAMELYON16/images,0.25
tumor_027.tif,tumor,tumor_027.pkl,/workspace/data/PublicDatasets/CAMELYON16/tumor_geoms,/workspace/data/PublicDatasets/CAMELYON16/images,0.25
tumor_103.tif,tumor,tumor_103.pkl,/workspace/data/PublicDatasets/CAMELYON16/tumor_geoms,/workspace/data/PublicDatasets/CAMELYON16/images,0.25
tumor_108.tif,tumor,tumor_108.pkl,/workspace/data/PublicDatasets/CAMELYON16/tumor_geoms,/workspace/data/PublicDatasets/CAMELYON16/images,0.25
tumor_023.tif,tumor,tumor_023.pkl,/workspace/data/PublicDatasets/CAMELYON16/tumor_geoms,/workspace/data/PublicDatasets/CAMELYON16/images,0.25
tumor_104.tif,tumor,tumor_104.pkl,/workspace/data/PublicDatasets/CAMELYON16/tumor_geoms,/workspace/data/PublicDatasets/CAMELYON16/images,0.25
normal_138.tif,negative,,,/workspace/data/PublicDatasets/CAMELYON16/images,0.25
normal_129.tif,negative,,,/workspace/data/PublicDatasets/CAMELYON16/images,0.25
test_057.tif,negative,,,/workspace/data/PublicDatasets/CAMELYON16/images,0.25
tumor_031.tif,tumor,tumor_031.pkl,/workspace/data/PublicDatasets/CAMELYON16/tumor_geoms,/workspace/data/PublicDatasets/CAMELYON16/images,0.25
test_053.tif,negative,,,/workspace/data/PublicDatasets/CAMELYON16/images,0.25
normal_124.tif,negative,,,/workspace/data/PublicDatasets/CAMELYON16/images,0.25
tumor_002.tif,tumor,tumor_002.pkl,/workspace/data/PublicDatasets/CAMELYON16/tumor_geoms,/workspace/data/PublicDatasets/CAMELYON16/images,0.25
normal_023.tif,negative,,,/workspace/data/PublicDatasets/CAMELYON16/images,0.25
normal_141.tif,negative,,,/workspace/data/PublicDatasets/CAMELYON16/images,0.25
normal_007.tif,negative,,,/workspace/data/PublicDatasets/CAMELYON16/images,0.25
test_101.tif,negative,,,/workspace/data/PublicDatasets/CAMELYON16/images,0.25
normal_004.tif,negative,,,/workspace/data/PublicDatasets/CAMELYON16/images,0.25
test_066.tif,tumor,test_066.pkl,/workspace/data/PublicDatasets/CAMELYON16/tumor_geoms,/workspace/data/PublicDatasets/CAMELYON16/images,0.25
tumor_012.tif,tumor,tumor_012.pkl,/workspace/data/PublicDatasets/CAMELYON16/tumor_geoms,/workspace/data/PublicDatasets/CAMELYON16/images,0.25
test_071.tif,tumor,test_071.pkl,/workspace/data/PublicDatasets/CAMELYON16/tumor_geoms,/workspace/data/PublicDatasets/CAMELYON16/images,0.25
normal_093.tif,negative,,,/workspace/data/PublicDatasets/CAMELYON16/images,0.25
tumor_052.tif,tumor,tumor_052.pkl,/workspace/data/PublicDatasets/CAMELYON16/tumor_geoms,/workspace/data/PublicDatasets/CAMELYON16/images,0.25
test_061.tif,tumor,test_061.pkl,/workspace/data/PublicDatasets/CAMELYON16/tumor_geoms,/workspace/data/PublicDatasets/CAMELYON16/images,0.25
test_075.tif,tumor,test_075.pkl,/workspace/data/PublicDatasets/CAMELYON16/tumor_geoms,/workspace/data/PublicDatasets/CAMELYON16/images,0.25
test_060.tif,negative,,,/workspace/data/PublicDatasets/CAMELYON16/images,0.25
normal_151.tif,negative,,,/workspace/data/PublicDatasets/CAMELYON16/images,0.25
tumor_107.tif,tumor,tumor_107.pkl,/workspace/data/PublicDatasets/CAMELYON16/tumor_geoms,/workspace/data/PublicDatasets/CAMELYON16/images,0.25
normal_008.tif,negative,,,/workspace/data/PublicDatasets/CAMELYON16/images,0.25
test_039.tif,negative,,,/workspace/data/PublicDatasets/CAMELYON16/images,0.25
test_015.tif,negative,,,/workspace/data/PublicDatasets/CAMELYON16/images,0.25
normal_054.tif,negative,,,/workspace/data/PublicDatasets/CAMELYON16/images,0.25
normal_107.tif,negative,,,/workspace/data/PublicDatasets/CAMELYON16/images,0.25
test_025.tif,negative,,,/workspace/data/PublicDatasets/CAMELYON16/images,0.25
normal_133.tif,negative,,,/workspace/data/PublicDatasets/CAMELYON16/images,0.25
tumor_098.tif,tumor,tumor_098.pkl,/workspace/data/PublicDatasets/CAMELYON16/tumor_geoms,/workspace/data/PublicDatasets/CAMELYON16/images,0.25
normal_025.tif,negative,,,/workspace/data/PublicDatasets/CAMELYON16/images,0.25
tumor_101.tif,tumor,tumor_101.pkl,/workspace/data/PublicDatasets/CAMELYON16/tumor_geoms,/workspace/data/PublicDatasets/CAMELYON16/images,0.25
test_097.tif,tumor,test_097.pkl,/workspace/data/PublicDatasets/CAMELYON16/tumor_geoms,/workspace/data/PublicDatasets/CAMELYON16/images,0.25
test_026.tif,tumor,test_026.pkl,/workspace/data/PublicDatasets/CAMELYON16/tumor_geoms,/workspace/data/PublicDatasets/CAMELYON16/images,0.25
normal_094.tif,negative,,,/workspace/data/PublicDatasets/CAMELYON16/images,0.25
tumor_039.tif,tumor,tumor_039.pkl,/workspace/data/PublicDatasets/CAMELYON16/tumor_geoms,/workspace/data/PublicDatasets/CAMELYON16/images,0.25
normal_045.tif,negative,,,/workspace/data/PublicDatasets/CAMELYON16/images,0.25
tumor_038.tif,tumor,tumor_038.pkl,/workspace/data/PublicDatasets/CAMELYON16/tumor_geoms,/workspace/data/PublicDatasets/CAMELYON16/images,0.25
tumor_064.tif,tumor,tumor_064.pkl,/workspace/data/PublicDatasets/CAMELYON16/tumor_geoms,/workspace/data/PublicDatasets/CAMELYON16/images,0.25
normal_123.tif,negative,,,/workspace/data/PublicDatasets/CAMELYON16/images,0.25
normal_055.tif,negative,,,/workspace/data/PublicDatasets/CAMELYON16/images,0.25
normal_050.tif,negative,,,/workspace/data/PublicDatasets/CAMELYON16/images,0.25
normal_157.tif,negative,,,/workspace/data/PublicDatasets/CAMELYON16/images,0.25
test_033.tif,tumor,test_033.pkl,/workspace/data/PublicDatasets/CAMELYON16/tumor_geoms,/workspace/data/PublicDatasets/CAMELYON16/images,0.25
tumor_096.tif,tumor,tumor_096.pkl,/workspace/data/PublicDatasets/CAMELYON16/tumor_geoms,/workspace/data/PublicDatasets/CAMELYON16/images,0.25
tumor_008.tif,tumor,tumor_008.pkl,/workspace/data/PublicDatasets/CAMELYON16/tumor_geoms,/workspace/data/PublicDatasets/CAMELYON16/images,0.25
tumor_019.tif,tumor,tumor_019.pkl,/workspace/data/PublicDatasets/CAMELYON16/tumor_geoms,/workspace/data/PublicDatasets/CAMELYON16/images,0.25
test_107.tif,negative,,,/workspace/data/PublicDatasets/CAMELYON16/images,0.25
test_113.tif,tumor,test_113.pkl,/workspace/data/PublicDatasets/CAMELYON16/tumor_geoms,/workspace/data/PublicDatasets/CAMELYON16/images,0.25
tumor_082.tif,tumor,tumor_082.pkl,/workspace/data/PublicDatasets/CAMELYON16/tumor_geoms,/workspace/data/PublicDatasets/CAMELYON16/images,0.25
normal_112.tif,negative,,,/workspace/data/PublicDatasets/CAMELYON16/images,0.25
normal_143.tif,negative,,,/workspace/data/PublicDatasets/CAMELYON16/images,0.25
normal_121.tif,negative,,,/workspace/data/PublicDatasets/CAMELYON16/images,0.25
tumor_093.tif,tumor,tumor_093.pkl,/workspace/data/PublicDatasets/CAMELYON16/tumor_geoms,/workspace/data/PublicDatasets/CAMELYON16/images,0.25
test_068.tif,tumor,test_068.pkl,/workspace/data/PublicDatasets/CAMELYON16/tumor_geoms,/workspace/data/PublicDatasets/CAMELYON16/images,0.25
normal_099.tif,negative,,,/workspace/data/PublicDatasets/CAMELYON16/images,0.25
normal_003.tif,negative,,,/workspace/data/PublicDatasets/CAMELYON16/images,0.25
normal_082.tif,negative,,,/workspace/data/PublicDatasets/CAMELYON16/images,0.25
tumor_061.tif,tumor,tumor_061.pkl,/workspace/data/PublicDatasets/CAMELYON16/tumor_geoms,/workspace/data/PublicDatasets/CAMELYON16/images,0.25
test_129.tif,negative,,,/workspace/data/PublicDatasets/CAMELYON16/images,0.25
test_078.tif,negative,,,/workspace/data/PublicDatasets/CAMELYON16/images,0.25
test_001.tif,tumor,test_001.pkl,/workspace/data/PublicDatasets/CAMELYON16/tumor_geoms,/workspace/data/PublicDatasets/CAMELYON16/images,0.25
test_069.tif,tumor,test_069.pkl,/workspace/data/PublicDatasets/CAMELYON16/tumor_geoms,/workspace/data/PublicDatasets/CAMELYON16/images,0.25
tumor_015.tif,tumor,tumor_015.pkl,/workspace/data/PublicDatasets/CAMELYON16/tumor_geoms,/workspace/data/PublicDatasets/CAMELYON16/images,0.25
test_080.tif,negative,,,/workspace/data/PublicDatasets/CAMELYON16/images,0.25
normal_072.tif,negative,,,/workspace/data/PublicDatasets/CAMELYON16/images,0.25
normal_153.tif,negative,,,/workspace/data/PublicDatasets/CAMELYON16/images,0.25
normal_020.tif,negative,,,/workspace/data/PublicDatasets/CAMELYON16/images,0.25
tumor_032.tif,tumor,tumor_032.pkl,/workspace/data/PublicDatasets/CAMELYON16/tumor_geoms,/workspace/data/PublicDatasets/CAMELYON16/images,0.25
tumor_077.tif,tumor,tumor_077.pkl,/workspace/data/PublicDatasets/CAMELYON16/tumor_geoms,/workspace/data/PublicDatasets/CAMELYON16/images,0.25
test_011.tif,tumor,test_011.pkl,/workspace/data/PublicDatasets/CAMELYON16/tumor_geoms,/workspace/data/PublicDatasets/CAMELYON16/images,0.25
test_042.tif,negative,,,/workspace/data/PublicDatasets/CAMELYON16/images,0.25
tumor_035.tif,tumor,tumor_035.pkl,/workspace/data/PublicDatasets/CAMELYON16/tumor_geoms,/workspace/data/PublicDatasets/CAMELYON16/images,0.25
normal_102.tif,negative,,,/workspace/data/PublicDatasets/CAMELYON16/images,0.25
tumor_020.tif,tumor,tumor_020.pkl,/workspace/data/PublicDatasets/CAMELYON16/tumor_geoms,/workspace/data/PublicDatasets/CAMELYON16/images,0.25
test_111.tif,negative,,,/workspace/data/PublicDatasets/CAMELYON16/images,0.25
test_130.tif,negative,,,/workspace/data/PublicDatasets/CAMELYON16/images,0.25
tumor_073.tif,tumor,tumor_073.pkl,/workspace/data/PublicDatasets/CAMELYON16/tumor_geoms,/workspace/data/PublicDatasets/CAMELYON16/images,0.25
normal_070.tif,negative,,,/workspace/data/PublicDatasets/CAMELYON16/images,0.25
test_032.tif,negative,,,/workspace/data/PublicDatasets/CAMELYON16/images,0.25
normal_038.tif,negative,,,/workspace/data/PublicDatasets/CAMELYON16/images,0.25
normal_001.tif,negative,,,/workspace/data/PublicDatasets/CAMELYON16/images,0.25
normal_057.tif,negative,,,/workspace/data/PublicDatasets/CAMELYON16/images,0.25
test_085.tif,negative,,,/workspace/data/PublicDatasets/CAMELYON16/images,0.25
normal_118.tif,negative,,,/workspace/data/PublicDatasets/CAMELYON16/images,0.25
test_002.tif,tumor,test_002.pkl,/workspace/data/PublicDatasets/CAMELYON16/tumor_geoms,/workspace/data/PublicDatasets/CAMELYON16/images,0.25
tumor_088.tif,tumor,tumor_088.pkl,/workspace/data/PublicDatasets/CAMELYON16/tumor_geoms,/workspace/data/PublicDatasets/CAMELYON16/images,0.25
tumor_086.tif,tumor,tumor_086.pkl,/workspace/data/PublicDatasets/CAMELYON16/tumor_geoms,/workspace/data/PublicDatasets/CAMELYON16/images,0.25
test_008.tif,tumor,test_008.pkl,/workspace/data/PublicDatasets/CAMELYON16/tumor_geoms,/workspace/data/PublicDatasets/CAMELYON16/images,0.25
tumor_078.tif,tumor,tumor_078.pkl,/workspace/data/PublicDatasets/CAMELYON16/tumor_geoms,/workspace/data/PublicDatasets/CAMELYON16/images,0.25
test_072.tif,negative,,,/workspace/data/PublicDatasets/CAMELYON16/images,0.25
normal_128.tif,negative,,,/workspace/data/PublicDatasets/CAMELYON16/images,0.25
normal_108.tif,negative,,,/workspace/data/PublicDatasets/CAMELYON16/images,0.25
normal_016.tif,negative,,,/workspace/data/PublicDatasets/CAMELYON16/images,0.25
tumor_053.tif,tumor,tumor_053.pkl,/workspace/data/PublicDatasets/CAMELYON16/tumor_geoms,/workspace/data/PublicDatasets/CAMELYON16/images,0.25
test_013.tif,tumor,test_013.pkl,/workspace/data/PublicDatasets/CAMELYON16/tumor_geoms,/workspace/data/PublicDatasets/CAMELYON16/images,0.25
tumor_056.tif,tumor,tumor_056.pkl,/workspace/data/PublicDatasets/CAMELYON16/tumor_geoms,/workspace/data/PublicDatasets/CAMELYON16/images,0.25
test_093.tif,negative,,,/workspace/data/PublicDatasets/CAMELYON16/images,0.25
normal_126.tif,negative,,,/workspace/data/PublicDatasets/CAMELYON16/images,0.25
normal_105.tif,negative,,,/workspace/data/PublicDatasets/CAMELYON16/images,0.25
normal_062.tif,negative,,,/workspace/data/PublicDatasets/CAMELYON16/images,0.25
normal_088.tif,negative,,,/workspace/data/PublicDatasets/CAMELYON16/images,0.25
test_074.tif,tumor,test_074.pkl,/workspace/data/PublicDatasets/CAMELYON16/tumor_geoms,/workspace/data/PublicDatasets/CAMELYON16/images,0.25
test_036.tif,negative,,,/workspace/data/PublicDatasets/CAMELYON16/images,0.25
tumor_109.tif,tumor,tumor_109.pkl,/workspace/data/PublicDatasets/CAMELYON16/tumor_geoms,/workspace/data/PublicDatasets/CAMELYON16/images,0.25
test_058.tif,negative,,,/workspace/data/PublicDatasets/CAMELYON16/images,0.25
tumor_076.tif,tumor,tumor_076.pkl,/workspace/data/PublicDatasets/CAMELYON16/tumor_geoms,/workspace/data/PublicDatasets/CAMELYON16/images,0.25
normal_100.tif,negative,,,/workspace/data/PublicDatasets/CAMELYON16/images,0.25
test_017.tif,negative,,,/workspace/data/PublicDatasets/CAMELYON16/images,0.25
tumor_085.tif,tumor,tumor_085.pkl,/workspace/data/PublicDatasets/CAMELYON16/tumor_geoms,/workspace/data/PublicDatasets/CAMELYON16/images,0.25
test_087.tif,negative,,,/workspace/data/PublicDatasets/CAMELYON16/images,0.25
normal_065.tif,negative,,,/workspace/data/PublicDatasets/CAMELYON16/images,0.25
normal_030.tif,negative,,,/workspace/data/PublicDatasets/CAMELYON16/images,0.25
normal_103.tif,negative,,,/workspace/data/PublicDatasets/CAMELYON16/images,0.25
test_099.tif,tumor,test_099.pkl,/workspace/data/PublicDatasets/CAMELYON16/tumor_geoms,/workspace/data/PublicDatasets/CAMELYON16/images,0.25
normal_021.tif,negative,,,/workspace/data/PublicDatasets/CAMELYON16/images,0.25
tumor_060.tif,tumor,tumor_060.pkl,/workspace/data/PublicDatasets/CAMELYON16/tumor_geoms,/workspace/data/PublicDatasets/CAMELYON16/images,0.25
tumor_062.tif,tumor,tumor_062.pkl,/workspace/data/PublicDatasets/CAMELYON16/tumor_geoms,/workspace/data/PublicDatasets/CAMELYON16/images,0.25
normal_139.tif,negative,,,/workspace/data/PublicDatasets/CAMELYON16/images,0.25
normal_101.tif,negative,,,/workspace/data/PublicDatasets/CAMELYON16/images,0.25
tumor_010.tif,tumor,tumor_010.pkl,/workspace/data/PublicDatasets/CAMELYON16/tumor_geoms,/workspace/data/PublicDatasets/CAMELYON16/images,0.25
tumor_106.tif,tumor,tumor_106.pkl,/workspace/data/PublicDatasets/CAMELYON16/tumor_geoms,/workspace/data/PublicDatasets/CAMELYON16/images,0.25
normal_044.tif,negative,,,/workspace/data/PublicDatasets/CAMELYON16/images,0.25
test_126.tif,negative,,,/workspace/data/PublicDatasets/CAMELYON16/images,0.25
tumor_048.tif,tumor,tumor_048.pkl,/workspace/data/PublicDatasets/CAMELYON16/tumor_geoms,/workspace/data/PublicDatasets/CAMELYON16/images,0.25
normal_154.tif,negative,,,/workspace/data/PublicDatasets/CAMELYON16/images,0.25
tumor_059.tif,tumor,tumor_059.pkl,/workspace/data/PublicDatasets/CAMELYON16/tumor_geoms,/workspace/data/PublicDatasets/CAMELYON16/images,0.25
tumor_069.tif,tumor,tumor_069.pkl,/workspace/data/PublicDatasets/CAMELYON16/tumor_geoms,/workspace/data/PublicDatasets/CAMELYON16/images,0.25
test_004.tif,tumor,test_004.pkl,/workspace/data/PublicDatasets/CAMELYON16/tumor_geoms,/workspace/data/PublicDatasets/CAMELYON16/images,0.25
test_041.tif,negative,,,/workspace/data/PublicDatasets/CAMELYON16/images,0.25
test_056.tif,negative,,,/workspace/data/PublicDatasets/CAMELYON16/images,0.25
normal_127.tif,negative,,,/workspace/data/PublicDatasets/CAMELYON16/images,0.25
tumor_042.tif,tumor,tumor_042.pkl,/workspace/data/PublicDatasets/CAMELYON16/tumor_geoms,/workspace/data/PublicDatasets/CAMELYON16/images,0.25
normal_032.tif,negative,,,/workspace/data/PublicDatasets/CAMELYON16/images,0.25
test_114.tif,tumor,test_114.pkl,/workspace/data/PublicDatasets/CAMELYON16/tumor_geoms,/workspace/data/PublicDatasets/CAMELYON16/images,0.25
normal_089.tif,negative,,,/workspace/data/PublicDatasets/CAMELYON16/images,0.25
normal_026.tif,negative,,,/workspace/data/PublicDatasets/CAMELYON16/images,0.25
test_014.tif,negative,,,/workspace/data/PublicDatasets/CAMELYON16/images,0.25
normal_136.tif,negative,,,/workspace/data/PublicDatasets/CAMELYON16/images,0.25
test_040.tif,tumor,test_040.pkl,/workspace/data/PublicDatasets/CAMELYON16/tumor_geoms,/workspace/data/PublicDatasets/CAMELYON16/images,0.25
normal_114.tif,negative,,,/workspace/data/PublicDatasets/CAMELYON16/images,0.25
test_027.tif,tumor,test_027.pkl,/workspace/data/PublicDatasets/CAMELYON16/tumor_geoms,/workspace/data/PublicDatasets/CAMELYON16/images,0.25
normal_132.tif,negative,,,/workspace/data/PublicDatasets/CAMELYON16/images,0.25
tumor_099.tif,tumor,tumor_099.pkl,/workspace/data/PublicDatasets/CAMELYON16/tumor_geoms,/workspace/data/PublicDatasets/CAMELYON16/images,0.25
test_091.tif,negative,,,/workspace/data/PublicDatasets/CAMELYON16/images,0.25
normal_152.tif,negative,,,/workspace/data/PublicDatasets/CAMELYON16/images,0.25
test_007.tif,negative,,,/workspace/data/PublicDatasets/CAMELYON16/images,0.25
normal_130.tif,negative,,,/workspace/data/PublicDatasets/CAMELYON16/images,0.25
tumor_058.tif,tumor,tumor_058.pkl,/workspace/data/PublicDatasets/CAMELYON16/tumor_geoms,/workspace/data/PublicDatasets/CAMELYON16/images,0.25
normal_067.tif,negative,,,/workspace/data/PublicDatasets/CAMELYON16/images,0.25
normal_031.tif,negative,,,/workspace/data/PublicDatasets/CAMELYON16/images,0.25
tumor_009.tif,tumor,tumor_009.pkl,/workspace/data/PublicDatasets/CAMELYON16/tumor_geoms,/workspace/data/PublicDatasets/CAMELYON16/images,0.25
tumor_083.tif,tumor,tumor_083.pkl,/workspace/data/PublicDatasets/CAMELYON16/tumor_geoms,/workspace/data/PublicDatasets/CAMELYON16/images,0.25
normal_002.tif,negative,,,/workspace/data/PublicDatasets/CAMELYON16/images,0.25
normal_074.tif,negative,,,/workspace/data/PublicDatasets/CAMELYON16/images,0.25
normal_046.tif,negative,,,/workspace/data/PublicDatasets/CAMELYON16/images,0.25
normal_091.tif,negative,,,/workspace/data/PublicDatasets/CAMELYON16/images,0.25
test_102.tif,tumor,test_102.pkl,/workspace/data/PublicDatasets/CAMELYON16/tumor_geoms,/workspace/data/PublicDatasets/CAMELYON16/images,0.25
test_024.tif,negative,,,/workspace/data/PublicDatasets/CAMELYON16/images,0.25
normal_029.tif,negative,,,/workspace/data/PublicDatasets/CAMELYON16/images,0.25
tumor_105.tif,tumor,tumor_105.pkl,/workspace/data/PublicDatasets/CAMELYON16/tumor_geoms,/workspace/data/PublicDatasets/CAMELYON16/images,0.25
normal_012.tif,negative,,,/workspace/data/PublicDatasets/CAMELYON16/images,0.25
normal_095.tif,negative,,,/workspace/data/PublicDatasets/CAMELYON16/images,0.25
normal_034.tif,negative,,,/workspace/data/PublicDatasets/CAMELYON16/images,0.25
test_088.tif,negative,,,/workspace/data/PublicDatasets/CAMELYON16/images,0.25
normal_081.tif,negative,,,/workspace/data/PublicDatasets/CAMELYON16/images,0.25
test_037.tif,negative,,,/workspace/data/PublicDatasets/CAMELYON16/images,0.25
test_104.tif,tumor,test_104.pkl,/workspace/data/PublicDatasets/CAMELYON16/tumor_geoms,/workspace/data/PublicDatasets/CAMELYON16/images,0.25
normal_033.tif,negative,,,/workspace/data/PublicDatasets/CAMELYON16/images,0.25
tumor_043.tif,tumor,tumor_043.pkl,/workspace/data/PublicDatasets/CAMELYON16/tumor_geoms,/workspace/data/PublicDatasets/CAMELYON16/images,0.25
test_094.tif,tumor,test_094.pkl,/workspace/data/PublicDatasets/CAMELYON16/tumor_geoms,/workspace/data/PublicDatasets/CAMELYON16/images,0.25
test_118.tif,negative,,,/workspace/data/PublicDatasets/CAMELYON16/images,0.25
normal_096.tif,negative,,,/workspace/data/PublicDatasets/CAMELYON16/images,0.25
normal_068.tif,negative,,,/workspace/data/PublicDatasets/CAMELYON16/images,0.25
test_079.tif,tumor,test_079.pkl,/workspace/data/PublicDatasets/CAMELYON16/tumor_geoms,/workspace/data/PublicDatasets/CAMELYON16/images,0.25
test_067.tif,negative,,,/workspace/data/PublicDatasets/CAMELYON16/images,0.25
tumor_100.tif,tumor,tumor_100.pkl,/workspace/data/PublicDatasets/CAMELYON16/tumor_geoms,/workspace/data/PublicDatasets/CAMELYON16/images,0.25
normal_078.tif,negative,,,/workspace/data/PublicDatasets/CAMELYON16/images,0.25
normal_051.tif,negative,,,/workspace/data/PublicDatasets/CAMELYON16/images,0.25
test_112.tif,negative,,,/workspace/data/PublicDatasets/CAMELYON16/images,0.25
test_127.tif,negative,,,/workspace/data/PublicDatasets/CAMELYON16/images,0.25
tumor_080.tif,tumor,tumor_080.pkl,/workspace/data/PublicDatasets/CAMELYON16/tumor_geoms,/workspace/data/PublicDatasets/CAMELYON16/images,0.25
normal_019.tif,negative,,,/workspace/data/PublicDatasets/CAMELYON16/images,0.25
normal_159.tif,negative,,,/workspace/data/PublicDatasets/CAMELYON16/images,0.25
tumor_091.tif,tumor,tumor_091.pkl,/workspace/data/PublicDatasets/CAMELYON16/tumor_geoms,/workspace/data/PublicDatasets/CAMELYON16/images,0.25
tumor_065.tif,tumor,tumor_065.pkl,/workspace/data/PublicDatasets/CAMELYON16/tumor_geoms,/workspace/data/PublicDatasets/CAMELYON16/images,0.25
normal_080.tif,negative,,,/workspace/data/PublicDatasets/CAMELYON16/images,0.25
test_021.tif,tumor,test_021.pkl,/workspace/data/PublicDatasets/CAMELYON16/tumor_geoms,/workspace/data/PublicDatasets/CAMELYON16/images,0.25
test_045.tif,negative,,,/workspace/data/PublicDatasets/CAMELYON16/images,0.25
tumor_004.tif,tumor,tumor_004.pkl,/workspace/data/PublicDatasets/CAMELYON16/tumor_geoms,/workspace/data/PublicDatasets/CAMELYON16/images,0.25
tumor_014.tif,tumor,tumor_014.pkl,/workspace/data/PublicDatasets/CAMELYON16/tumor_geoms,/workspace/data/PublicDatasets/CAMELYON16/images,0.25
tumor_081.tif,tumor,tumor_081.pkl,/workspace/data/PublicDatasets/CAMELYON16/tumor_geoms,/workspace/data/PublicDatasets/CAMELYON16/images,0.25
test_073.tif,tumor,test_073.pkl,/workspace/data/PublicDatasets/CAMELYON16/tumor_geoms,/workspace/data/PublicDatasets/CAMELYON16/images,0.25
normal_090.tif,negative,,,/workspace/data/PublicDatasets/CAMELYON16/images,0.25
normal_035.tif,negative,,,/workspace/data/PublicDatasets/CAMELYON16/images,0.25
normal_042.tif,negative,,,/workspace/data/PublicDatasets/CAMELYON16/images,0.25
tumor_026.tif,tumor,tumor_026.pkl,/workspace/data/PublicDatasets/CAMELYON16/tumor_geoms,/workspace/data/PublicDatasets/CAMELYON16/images,0.25
normal_059.tif,negative,,,/workspace/data/PublicDatasets/CAMELYON16/images,0.25
normal_014.tif,negative,,,/workspace/data/PublicDatasets/CAMELYON16/images,0.25
tumor_084.tif,tumor,tumor_084.pkl,/workspace/data/PublicDatasets/CAMELYON16/tumor_geoms,/workspace/data/PublicDatasets/CAMELYON16/images,0.25
test_117.tif,tumor,test_117.pkl,/workspace/data/PublicDatasets/CAMELYON16/tumor_geoms,/workspace/data/PublicDatasets/CAMELYON16/images,0.25
tumor_097.tif,tumor,tumor_097.pkl,/workspace/data/PublicDatasets/CAMELYON16/tumor_geoms,/workspace/data/PublicDatasets/CAMELYON16/images,0.25
test_009.tif,negative,,,/workspace/data/PublicDatasets/CAMELYON16/images,0.25
test_034.tif,negative,,,/workspace/data/PublicDatasets/CAMELYON16/images,0.25
tumor_071.tif,tumor,tumor_071.pkl,/workspace/data/PublicDatasets/CAMELYON16/tumor_geoms,/workspace/data/PublicDatasets/CAMELYON16/images,0.25
normal_018.tif,negative,,,/workspace/data/PublicDatasets/CAMELYON16/images,0.25
tumor_057.tif,tumor,tumor_057.pkl,/workspace/data/PublicDatasets/CAMELYON16/tumor_geoms,/workspace/data/PublicDatasets/CAMELYON16/images,0.25
normal_064.tif,negative,,,/workspace/data/PublicDatasets/CAMELYON16/images,0.25
tumor_063.tif,tumor,tumor_063.pkl,/workspace/data/PublicDatasets/CAMELYON16/tumor_geoms,/workspace/data/PublicDatasets/CAMELYON16/images,0.25
tumor_037.tif,tumor,tumor_037.pkl,/workspace/data/PublicDatasets/CAMELYON16/tumor_geoms,/workspace/data/PublicDatasets/CAMELYON16/images,0.25
test_030.tif,tumor,test_030.pkl,/workspace/data/PublicDatasets/CAMELYON16/tumor_geoms,/workspace/data/PublicDatasets/CAMELYON16/images,0.25
tumor_003.tif,tumor,tumor_003.pkl,/workspace/data/PublicDatasets/CAMELYON16/tumor_geoms,/workspace/data/PublicDatasets/CAMELYON16/images,0.25
tumor_070.tif,tumor,tumor_070.pkl,/workspace/data/PublicDatasets/CAMELYON16/tumor_geoms,/workspace/data/PublicDatasets/CAMELYON16/images,0.25
normal_079.tif,negative,,,/workspace/data/PublicDatasets/CAMELYON16/images,0.25
test_054.tif,negative,,,/workspace/data/PublicDatasets/CAMELYON16/images,0.25
test_038.tif,tumor,test_038.pkl,/workspace/data/PublicDatasets/CAMELYON16/tumor_geoms,/workspace/data/PublicDatasets/CAMELYON16/images,0.25
normal_013.tif,negative,,,/workspace/data/PublicDatasets/CAMELYON16/images,0.25
normal_146.tif,negative,,,/workspace/data/PublicDatasets/CAMELYON16/images,0.25
test_083.tif,negative,,,/workspace/data/PublicDatasets/CAMELYON16/images,0.25
tumor_066.tif,tumor,tumor_066.pkl,/workspace/data/PublicDatasets/CAMELYON16/tumor_geoms,/workspace/data/PublicDatasets/CAMELYON16/images,0.25
normal_036.tif,negative,,,/workspace/data/PublicDatasets/CAMELYON16/images,0.25
normal_098.tif,negative,,,/workspace/data/PublicDatasets/CAMELYON16/images,0.25
test_086.tif,negative,,,/workspace/data/PublicDatasets/CAMELYON16/images,0.25
test_119.tif,negative,,,/workspace/data/PublicDatasets/CAMELYON16/images,0.25
normal_069.tif,negative,,,/workspace/data/PublicDatasets/CAMELYON16/images,0.25
test_098.tif,negative,,,/workspace/data/PublicDatasets/CAMELYON16/images,0.25
normal_113.tif,negative,,,/workspace/data/PublicDatasets/CAMELYON16/images,0.25
test_076.tif,negative,,,/workspace/data/PublicDatasets/CAMELYON16/images,0.25
tumor_001.tif,tumor,tumor_001.pkl,/workspace/data/PublicDatasets/CAMELYON16/tumor_geoms,/workspace/data/PublicDatasets/CAMELYON16/images,0.25
tumor_049.tif,tumor,tumor_049.pkl,/workspace/data/PublicDatasets/CAMELYON16/tumor_geoms,/workspace/data/PublicDatasets/CAMELYON16/images,0.25
normal_120.tif,negative,,,/workspace/data/PublicDatasets/CAMELYON16/images,0.25
normal_125.tif,negative,,,/workspace/data/PublicDatasets/CAMELYON16/images,0.25
normal_092.tif,negative,,,/workspace/data/PublicDatasets/CAMELYON16/images,0.25
tumor_013.tif,tumor,tumor_013.pkl,/workspace/data/PublicDatasets/CAMELYON16/tumor_geoms,/workspace/data/PublicDatasets/CAMELYON16/images,0.25
normal_156.tif,negative,,,/workspace/data/PublicDatasets/CAMELYON16/images,0.25
normal_150.tif,negative,,,/workspace/data/PublicDatasets/CAMELYON16/images,0.25
tumor_051.tif,tumor,tumor_051.pkl,/workspace/data/PublicDatasets/CAMELYON16/tumor_geoms,/workspace/data/PublicDatasets/CAMELYON16/images,0.25
tumor_072.tif,tumor,tumor_072.pkl,/workspace/data/PublicDatasets/CAMELYON16/tumor_geoms,/workspace/data/PublicDatasets/CAMELYON16/images,0.25
normal_037.tif,negative,,,/workspace/data/PublicDatasets/CAMELYON16/images,0.25
test_064.tif,tumor,test_064.pkl,/workspace/data/PublicDatasets/CAMELYON16/tumor_geoms,/workspace/data/PublicDatasets/CAMELYON16/images,0.25
normal_097.tif,negative,,,/workspace/data/PublicDatasets/CAMELYON16/images,0.25
tumor_067.tif,tumor,tumor_067.pkl,/workspace/data/PublicDatasets/CAMELYON16/tumor_geoms,/workspace/data/PublicDatasets/CAMELYON16/images,0.25
normal_061.tif,negative,,,/workspace/data/PublicDatasets/CAMELYON16/images,0.25
test_108.tif,tumor,test_108.pkl,/workspace/data/PublicDatasets/CAMELYON16/tumor_geoms,/workspace/data/PublicDatasets/CAMELYON16/images,0.25
test_122.tif,tumor,test_122.pkl,/workspace/data/PublicDatasets/CAMELYON16/tumor_geoms,/workspace/data/PublicDatasets/CAMELYON16/images,0.25
normal_119.tif,negative,,,/workspace/data/PublicDatasets/CAMELYON16/images,0.25
tumor_110.tif,tumor,tumor_110.pkl,/workspace/data/PublicDatasets/CAMELYON16/tumor_geoms,/workspace/data/PublicDatasets/CAMELYON16/images,0.25
test_031.tif,negative,,,/workspace/data/PublicDatasets/CAMELYON16/images,0.25
normal_148.tif,negative,,,/workspace/data/PublicDatasets/CAMELYON16/images,0.25
test_084.tif,tumor,test_084.pkl,/workspace/data/PublicDatasets/CAMELYON16/tumor_geoms,/workspace/data/PublicDatasets/CAMELYON16/images,0.25
normal_087.tif,negative,,,/workspace/data/PublicDatasets/CAMELYON16/images,0.25
test_092.tif,tumor,test_092.pkl,/workspace/data/PublicDatasets/CAMELYON16/tumor_geoms,/workspace/data/PublicDatasets/CAMELYON16/images,0.25
tumor_055.tif,tumor,tumor_055.pkl,/workspace/data/PublicDatasets/CAMELYON16/tumor_geoms,/workspace/data/PublicDatasets/CAMELYON16/images,0.25
normal_056.tif,negative,,,/workspace/data/PublicDatasets/CAMELYON16/images,0.25
test_006.tif,negative,,,/workspace/data/PublicDatasets/CAMELYON16/images,0.25
normal_052.tif,negative,,,/workspace/data/PublicDatasets/CAMELYON16/images,0.25
normal_085.tif,negative,,,/workspace/data/PublicDatasets/CAMELYON16/images,0.25
normal_063.tif,negative,,,/workspace/data/PublicDatasets/CAMELYON16/images,0.25
test_005.tif,negative,,,/workspace/data/PublicDatasets/CAMELYON16/images,0.25
normal_131.tif,negative,,,/workspace/data/PublicDatasets/CAMELYON16/images,0.25
normal_122.tif,negative,,,/workspace/data/PublicDatasets/CAMELYON16/images,0.25
normal_155.tif,negative,,,/workspace/data/PublicDatasets/CAMELYON16/images,0.25
normal_066.tif,negative,,,/workspace/data/PublicDatasets/CAMELYON16/images,0.25
normal_109.tif,negative,,,/workspace/data/PublicDatasets/CAMELYON16/images,0.25
normal_005.tif,negative,,,/workspace/data/PublicDatasets/CAMELYON16/images,0.25
normal_049.tif,negative,,,/workspace/data/PublicDatasets/CAMELYON16/images,0.25
normal_053.tif,negative,,,/workspace/data/PublicDatasets/CAMELYON16/images,0.25
test_065.tif,tumor,test_065.pkl,/workspace/data/PublicDatasets/CAMELYON16/tumor_geoms,/workspace/data/PublicDatasets/CAMELYON16/images,0.25
tumor_005.tif,tumor,tumor_005.pkl,/workspace/data/PublicDatasets/CAMELYON16/tumor_geoms,/workspace/data/PublicDatasets/CAMELYON16/images,0.25
normal_075.tif,negative,,,/workspace/data/PublicDatasets/CAMELYON16/images,0.25
normal_041.tif,negative,,,/workspace/data/PublicDatasets/CAMELYON16/images,0.25
tumor_094.tif,tumor,tumor_094.pkl,/workspace/data/PublicDatasets/CAMELYON16/tumor_geoms,/workspace/data/PublicDatasets/CAMELYON16/images,0.25
normal_006.tif,negative,,,/workspace/data/PublicDatasets/CAMELYON16/images,0.25
test_095.tif,negative,,,/workspace/data/PublicDatasets/CAMELYON16/images,0.25
normal_147.tif,negative,,,/workspace/data/PublicDatasets/CAMELYON16/images,0.25
tumor_050.tif,tumor,tumor_050.pkl,/workspace/data/PublicDatasets/CAMELYON16/tumor_geoms,/workspace/data/PublicDatasets/CAMELYON16/images,0.25
test_055.tif,negative,,,/workspace/data/PublicDatasets/CAMELYON16/images,0.25
test_046.tif,tumor,test_046.pkl,/workspace/data/PublicDatasets/CAMELYON16/tumor_geoms,/workspace/data/PublicDatasets/CAMELYON16/images,0.25
test_059.tif,negative,,,/workspace/data/PublicDatasets/CAMELYON16/images,0.25
test_018.tif,negative,,,/workspace/data/PublicDatasets/CAMELYON16/images,0.25
test_035.tif,negative,,,/workspace/data/PublicDatasets/CAMELYON16/images,0.25
normal_083.tif,negative,,,/workspace/data/PublicDatasets/CAMELYON16/images,0.25
normal_116.tif,negative,,,/workspace/data/PublicDatasets/CAMELYON16/images,0.25
normal_017.tif,negative,,,/workspace/data/PublicDatasets/CAMELYON16/images,0.25
test_043.tif,negative,,,/workspace/data/PublicDatasets/CAMELYON16/images,0.25
normal_010.tif,negative,,,/workspace/data/PublicDatasets/CAMELYON16/images,0.25
tumor_045.tif,tumor,tumor_045.pkl,/workspace/data/PublicDatasets/CAMELYON16/tumor_geoms,/workspace/data/PublicDatasets/CAMELYON16/images,0.25
normal_060.tif,negative,,,/workspace/data/PublicDatasets/CAMELYON16/images,0.25
normal_047.tif,negative,,,/workspace/data/PublicDatasets/CAMELYON16/images,0.25
normal_149.tif,negative,,,/workspace/data/PublicDatasets/CAMELYON16/images,0.25
normal_137.tif,negative,,,/workspace/data/PublicDatasets/CAMELYON16/images,0.25
test_077.tif,negative,,,/workspace/data/PublicDatasets/CAMELYON16/images,0.25
normal_043.tif,negative,,,/workspace/data/PublicDatasets/CAMELYON16/images,0.25
test_109.tif,negative,,,/workspace/data/PublicDatasets/CAMELYON16/images,0.25
normal_022.tif,negative,,,/workspace/data/PublicDatasets/CAMELYON16/images,0.25
normal_084.tif,negative,,,/workspace/data/PublicDatasets/CAMELYON16/images,0.25
test_044.tif,negative,,,/workspace/data/PublicDatasets/CAMELYON16/images,0.25
tumor_034.tif,tumor,tumor_034.pkl,/workspace/data/PublicDatasets/CAMELYON16/tumor_geoms,/workspace/data/PublicDatasets/CAMELYON16/images,0.25
test_016.tif,tumor,test_016.pkl,/workspace/data/PublicDatasets/CAMELYON16/tumor_geoms,/workspace/data/PublicDatasets/CAMELYON16/images,0.25
tumor_047.tif,tumor,tumor_047.pkl,/workspace/data/PublicDatasets/CAMELYON16/tumor_geoms,/workspace/data/PublicDatasets/CAMELYON16/images,0.25
tumor_024.tif,tumor,tumor_024.pkl,/workspace/data/PublicDatasets/CAMELYON16/tumor_geoms,/workspace/data/PublicDatasets/CAMELYON16/images,0.25
normal_039.tif,negative,,,/workspace/data/PublicDatasets/CAMELYON16/images,0.25
normal_111.tif,negative,,,/workspace/data/PublicDatasets/CAMELYON16/images,0.25
tumor_017.tif,tumor,tumor_017.pkl,/workspace/data/PublicDatasets/CAMELYON16/tumor_geoms,/workspace/data/PublicDatasets/CAMELYON16/images,0.25
tumor_040.tif,tumor,tumor_040.pkl,/workspace/data/PublicDatasets/CAMELYON16/tumor_geoms,/workspace/data/PublicDatasets/CAMELYON16/images,0.25
normal_110.tif,negative,,,/workspace/data/PublicDatasets/CAMELYON16/images,0.25
test_125.tif,negative,,,/workspace/data/PublicDatasets/CAMELYON16/images,0.25
